{"accuracy": [0.13840830326080322, 0.22145329415798187, 0.2456747442483902, 0.19031141698360443, 0.23183390498161316, 0.2456747442483902, 0.2456747442483902, 0.2456747442483902, 0.2456747442483902, 0.2456747442483902, 0.2456747442483902, 0.2456747442483902, 0.2525951564311981, 0.193771630525589, 0.2525951564311981, 0.24221453070640564, 0.22145329415798187, 0.22491349279880524, 0.2525951564311981, 0.26643598079681396, 0.2733564078807831, 0.24221453070640564, 0.28373703360557556, 0.3079584836959839, 0.31833910942077637, 0.3529411852359772, 0.3356401324272156, 0.2975778579711914, 0.3529411852359772, 0.3771626353263855, 0.3771626353263855, 0.4048442840576172, 0.3944636583328247, 0.4013840854167938, 0.439446359872818, 0.387543261051178, 0.43598616123199463, 0.4221453368663788, 0.43252596259117126, 0.39792388677597046, 0.43252596259117126, 0.4636678099632263, 0.4809688627719879, 0.4498269855976105, 0.4982698857784271, 0.4740484356880188, 0.49480968713760376, 0.46020761132240295, 0.4982698857784271, 0.512110710144043, 0.4913494884967804, 0.4844290614128113, 0.5432525873184204, 0.49480968713760376, 0.5155709385871887, 0.5328719615936279, 0.5155709385871887, 0.529411792755127, 0.5224913358688354, 0.529411792755127, 0.5397923588752747, 0.5501729846000671, 0.5328719615936279, 0.5363321900367737, 0.5536332130432129, 0.529411792755127, 0.5397923588752747, 0.5916954874992371, 0.5432525873184204, 0.5709342360496521, 0.5916954874992371, 0.5640138387680054, 0.5882353186607361, 0.5259515643119812, 0.5778546929359436, 0.6020761132240295, 0.6678200960159302, 0.633217990398407, 0.6470588445663452, 0.6539792418479919, 0.5916954874992371, 0.5986159443855286, 0.6366782188415527, 0.6262975931167603, 0.6816608905792236, 0.6643598675727844, 0.6955017447471619, 0.6816608905792236, 0.6159169673919678, 0.6228373646736145, 0.5709342360496521, 0.6539792418479919, 0.6055363416671753, 0.6747404932975769, 0.6366782188415527, 0.6297577619552612, 0.6228373646736145, 0.5813148617744446, 0.6435986161231995, 0.6678200960159302], "loss": [2.378040075302124, 2.2737042903900146, 2.188119888305664, 2.1818783283233643, 2.16306209564209, 2.171569585800171, 2.163646697998047, 2.14554762840271, 2.1581497192382812, 2.142965793609619, 2.1590301990509033, 2.1511220932006836, 2.1558735370635986, 2.156801700592041, 2.1340765953063965, 2.1338820457458496, 2.1147804260253906, 2.086007833480835, 2.0575499534606934, 2.0344228744506836, 2.0031938552856445, 1.9678205251693726, 1.9551767110824585, 1.9219634532928467, 1.8841512203216553, 1.8477329015731812, 1.834611177444458, 1.8074102401733398, 1.791913390159607, 1.7487951517105103, 1.705981731414795, 1.6854873895645142, 1.648133397102356, 1.6863425970077515, 1.5818904638290405, 1.70098078250885, 1.6233512163162231, 1.5982894897460938, 1.6105505228042603, 1.6358877420425415, 1.551074504852295, 1.4979685544967651, 1.5627293586730957, 1.5660371780395508, 1.598670244216919, 1.5878556966781616, 1.5142942667007446, 1.4590181112289429, 1.4048137664794922, 1.408348798751831, 1.4223552942276, 1.4319980144500732, 1.336192011833191, 1.38707435131073, 1.3088945150375366, 1.2951078414916992, 1.2985899448394775, 1.328429937362671, 1.3263777494430542, 1.30401611328125, 1.2298635244369507, 1.2403254508972168, 1.2536309957504272, 1.2317849397659302, 1.1718703508377075, 1.250428318977356, 1.272721529006958, 1.1885732412338257, 1.2285922765731812, 1.1816651821136475, 1.1407849788665771, 1.1825131177902222, 1.2169103622436523, 1.1992437839508057, 1.0825012922286987, 1.0700347423553467, 0.9925979375839233, 0.9663388133049011, 0.9883091449737549, 1.0007835626602173, 1.0824857950210571, 0.9869406819343567, 1.0134317874908447, 1.0329478979110718, 0.871526837348938, 0.9319389462471008, 0.8524705767631531, 0.9570893049240112, 1.0563946962356567, 1.0994263887405396, 1.0805132389068604, 0.9388948082923889, 0.9643793106079102, 0.8729438781738281, 0.8873199224472046, 0.9691059589385986, 1.1831464767456055, 1.1440181732177734, 0.9707232117652893, 0.9076160192489624], "val_accuracy": [0.2160000056028366, 0.2160000056028366, 0.2160000056028366, 0.2160000056028366, 0.2160000056028366, 0.2160000056028366, 0.2160000056028366, 0.2160000056028366, 0.2160000056028366, 0.2160000056028366, 0.2160000056028366, 0.2160000056028366, 0.2160000056028366, 0.2160000056028366, 0.2160000056028366, 0.2160000056028366, 0.23199999332427979, 0.2240000069141388, 0.2240000069141388, 0.2240000069141388, 0.24799999594688416, 0.2240000069141388, 0.23199999332427979, 0.2720000147819519, 0.2720000147819519, 0.2800000011920929, 0.2720000147819519, 0.29600000381469727, 0.36000001430511475, 0.30399999022483826, 0.328000009059906, 0.3199999928474426, 0.30399999022483826, 0.3199999928474426, 0.29600000381469727, 0.31200000643730164, 0.3199999928474426, 0.36000001430511475, 0.3840000033378601, 0.2879999876022339, 0.36800000071525574, 0.36800000071525574, 0.3840000033378601, 0.35199999809265137, 0.3440000116825104, 0.37599998712539673, 0.4000000059604645, 0.4000000059604645, 0.40799999237060547, 0.3919999897480011, 0.3919999897480011, 0.41600000858306885, 0.4000000059604645, 0.4320000112056732, 0.40799999237060547, 0.41600000858306885, 0.40799999237060547, 0.42399999499320984, 0.46399998664855957, 0.4399999976158142, 0.46399998664855957, 0.46399998664855957, 0.4320000112056732, 0.4560000002384186, 0.4560000002384186, 0.4320000112056732, 0.4560000002384186, 0.4480000138282776, 0.3840000033378601, 0.4480000138282776, 0.4480000138282776, 0.4880000054836273, 0.4399999976158142, 0.4000000059604645, 0.4480000138282776, 0.4880000054836273, 0.47999998927116394, 0.47200000286102295, 0.47200000286102295, 0.47999998927116394, 0.4320000112056732, 0.47200000286102295, 0.4480000138282776, 0.5120000243186951, 0.5040000081062317, 0.4880000054836273, 0.5040000081062317, 0.47200000286102295, 0.47999998927116394, 0.42399999499320984, 0.4560000002384186, 0.46399998664855957, 0.46399998664855957, 0.4399999976158142, 0.47200000286102295, 0.4480000138282776, 0.4320000112056732, 0.42399999499320984, 0.42399999499320984, 0.4320000112056732],