{"accuracy": [0.19723182916641235, 0.1487889289855957, 0.14532871544361115, 0.22145329415798187, 0.23183390498161316, 0.19031141698360443, 0.12802767753601074, 0.23183390498161316, 0.2629757821559906, 0.26989617943763733, 0.3356401324272156, 0.3771626353263855, 0.3079584836959839, 0.38062283396720886, 0.4048442840576172, 0.4290657341480255, 0.4636678099632263, 0.4844290614128113, 0.4982698857784271, 0.4982698857784271, 0.4844290614128113, 0.4809688627719879, 0.5259515643119812, 0.6020761132240295, 0.6020761132240295, 0.6505190134048462, 0.6747404932975769, 0.6262975931167603, 0.6505190134048462, 0.6608996391296387, 0.6505190134048462, 0.6989619135856628, 0.7404844164848328, 0.7231833934783936, 0.754325270652771, 0.757785439491272, 0.6851211190223694, 0.7404844164848328, 0.5813148617744446, 0.6885812878608704, 0.6920415163040161, 0.6539792418479919, 0.6782007217407227, 0.6816608905792236, 0.7231833934783936, 0.7370242476463318, 0.7923875451087952, 0.8062283992767334, 0.7439446449279785, 0.7716262936592102, 0.8373702168464661, 0.85467129945755, 0.858131468296051, 0.8235294222831726, 0.858131468296051, 0.85467129945755, 0.875432550907135, 0.8961937427520752, 0.9065743684768677, 0.8166090250015259, 0.8166090250015259, 0.8719723224639893, 0.8200691938400269, 0.8650519251823425, 0.9065743684768677, 0.8477508425712585, 0.899653971195221, 0.9169549942016602, 0.9273356199264526, 0.9377162456512451, 0.9307958483695984, 0.9446367025375366, 0.9619377255439758, 0.9723183512687683, 0.9826989769935608, 0.9757785201072693, 0.9723183512687683, 0.9826989769935608, 0.9826989769935608, 0.9861591458320618, 0.9826989769935608, 0.9723183512687683, 0.9896193742752075, 0.9861591458320618, 0.9065743684768677, 0.8685120940208435, 0.8685120940208435, 0.8823529481887817, 0.9273356199264526, 0.9446367025375366, 0.9446367025375366, 0.9619377255439758, 0.9757785201072693, 0.9411764740943909, 0.9550173282623291, 0.9826989769935608, 0.9826989769935608, 0.9826989769935608, 0.9896193742752075, 0.9861591458320618], "loss": [2.8578922748565674, 2.4431569576263428, 2.3627870082855225, 2.226383686065674, 2.1709954738616943, 2.169872283935547, 2.1745290756225586, 2.167564630508423, 2.13690447807312, 2.1039395332336426, 2.0162103176116943, 1.9671964645385742, 1.9001213312149048, 1.8539376258850098, 1.8053416013717651, 1.6599222421646118, 1.5859907865524292, 1.5111970901489258, 1.451318383216858, 1.3461887836456299, 1.4782015085220337, 1.500720500946045, 1.3459327220916748, 1.184932827949524, 1.15379798412323, 1.0794674158096313, 1.0088002681732178, 1.1311360597610474, 1.0196338891983032, 0.9150500297546387, 1.001949429512024, 0.8648491501808167, 0.7659322619438171, 0.8535842895507812, 0.7121264934539795, 0.6559293866157532, 0.9417095184326172, 0.7925897836685181, 1.1504541635513306, 0.9303483366966248, 0.9294643998146057, 1.2821217775344849, 1.090333342552185, 0.9684903621673584, 0.8246834874153137, 0.7096648216247559, 0.6145999431610107, 0.5554423928260803, 0.6348791122436523, 0.6420604586601257, 0.5237865447998047, 0.4597187638282776, 0.4142788052558899, 0.5032537579536438, 0.44745174050331116, 0.42864248156547546, 0.39416930079460144, 0.3099365532398224, 0.28936558961868286, 0.7052813172340393, 0.567951500415802, 0.41641032695770264, 0.48961928486824036, 0.41388481855392456, 0.30817434191703796, 0.4046805799007416, 0.2896801829338074, 0.2320161759853363, 0.18875186145305634, 0.1748196929693222, 0.1864853948354721, 0.18748556077480316, 0.10706386715173721, 0.12350339442491531, 0.09512746334075928, 0.07728755474090576, 0.07571275532245636, 0.06911896914243698, 0.08082015067338943, 0.061917610466480255, 0.0677521675825119, 0.0542876273393631, 0.04450426995754242, 0.04760711267590523, 0.28509658575057983, 0.5876305103302002, 0.4550177752971649, 0.3243860900402069, 0.182820126414299, 0.2921260893344879, 0.2183399796485901, 0.20845699310302734, 0.09765240550041199, 0.12323557585477829, 0.11406641453504562, 0.0784381628036499, 0.047169242054224014, 0.05563588812947273, 0.035765018314123154, 0.03667203336954117], "val_accuracy": [0.11999999731779099, 0.11999999731779099, 0.15199999511241913, 0.24799999594688416, 0.24799999594688416, 0.11999999731779099, 0.15199999511241913, 0.23999999463558197, 0.24799999594688416, 0.2639999985694885, 0.2639999985694885, 0.25600001215934753, 0.29600000381469727, 0.2720000147819519, 0.30399999022483826, 0.31200000643730164, 0.3440000116825104, 0.3440000116825104, 0.328000009059906, 0.328000009059906, 0.29600000381469727, 0.2800000011920929, 0.328000009059906, 0.2879999876022339, 0.31200000643730164, 0.3199999928474426, 0.3199999928474426, 0.30399999022483826, 0.30399999022483826, 0.2879999876022339, 0.36000001430511475, 0.328000009059906, 0.328000009059906, 0.31200000643730164, 0.36800000071525574, 0.36000001430511475, 0.24799999594688416, 0.30399999022483826, 0.328000009059906, 0.25600001215934753, 0.29600000381469727, 0.3440000116825104, 0.29600000381469727, 0.3440000116825104, 0.29600000381469727, 0.3199999928474426, 0.328000009059906, 0.3199999928474426, 0.3199999928474426, 0.31200000643730164, 0.30399999022483826, 0.35199999809265137, 0.3199999928474426, 0.30399999022483826, 0.2720000147819519, 0.3440000116825104, 0.37599998712539673, 0.35199999809265137, 0.2720000147819519, 0.3440000116825104, 0.3199999928474426, 0.36000001430511475, 0.37599998712539673, 0.37599998712539673, 0.41600000858306885, 0.40799999237060547, 0.3919999897480011, 0.3919999897480011, 0.42399999499320984, 0.4000000059604645, 0.3840000033378601, 0.40799999237060547, 0.41600000858306885, 0.3919999897480011, 0.40799999237060547, 0.4000000059604645, 0.40799999237060547, 0.4000000059604645, 0.4320000112056732, 0.40799999237060547, 0.40799999237060547, 0.42399999499320984, 0.41600000858306885, 0.42399999499320984, 0.335999995470047, 0.3840000033378601, 0.36000001430511475, 0.37599998712539673, 0.35199999809265137, 0.35199999809265137, 0.35199999809265137, 0.36000001430511475, 0.36000001430511475, 0.3919999897480011, 0.4000000059604645, 0.3919999897480011, 0.36800000071525574, 0.4000000059604645, 0.3919999897480011, 0.3840000033378601],