{"accuracy": [0.2110726684331894, 0.24221453070640564, 0.24221453070640564, 0.24221453070640564, 0.24221453070640564, 0.24221453070640564, 0.24221453070640564, 0.24221453070640564, 0.26643598079681396, 0.2525951564311981, 0.26643598079681396, 0.28373703360557556, 0.31141868233680725, 0.3356401324272156, 0.366782009601593, 0.3702422082424164, 0.39100345969200134, 0.3529411852359772, 0.41522490978240967, 0.4117647111415863, 0.42560553550720215, 0.47058823704719543, 0.4567474126815796, 0.4290657341480255, 0.5017300844192505, 0.4498269855976105, 0.5190311670303345, 0.5397923588752747, 0.5397923588752747, 0.5570934414863586, 0.5570934414863586, 0.5570934414863586, 0.47750866413116455, 0.5813148617744446, 0.5916954874992371, 0.6297577619552612, 0.5570934414863586, 0.6401383876800537, 0.6539792418479919, 0.6678200960159302, 0.6574394702911377, 0.6262975931167603, 0.6505190134048462, 0.7024221420288086, 0.7128027677536011, 0.733564019203186, 0.7231833934783936, 0.7647058963775635, 0.7889273166656494, 0.7162629961967468, 0.6747404932975769, 0.7370242476463318, 0.775086522102356, 0.7820069193840027, 0.7820069193840027, 0.8027681708335876, 0.8131487965583801, 0.8477508425712585, 0.85467129945755, 0.757785439491272, 0.7508650422096252, 0.8062283992767334, 0.7923875451087952, 0.7266436219215393, 0.7716262936592102, 0.8131487965583801, 0.8442906737327576, 0.8685120940208435, 0.8961937427520752, 0.9031141996383667, 0.9169549942016602, 0.9204152226448059, 0.9134948253631592, 0.858131468296051, 0.8892733454704285, 0.8961937427520752, 0.9031141996383667, 0.9204152226448059, 0.9377162456512451, 0.9342560768127441, 0.9515570998191833, 0.9584774971008301, 0.8442906737327576, 0.875432550907135, 0.875432550907135, 0.8858131766319275, 0.85467129945755, 0.8719723224639893, 0.8927335739135742, 0.8858131766319275, 0.9307958483695984, 0.9550173282623291, 0.9446367025375366, 0.9723183512687683, 0.9826989769935608, 0.979238748550415, 0.9826989769935608, 0.9550173282623291, 0.9688581228256226, 0.9757785201072693], "loss": [2.4143433570861816, 2.230950355529785, 2.248863458633423, 2.1836094856262207, 2.1504578590393066, 2.1535980701446533, 2.159414052963257, 2.1317169666290283, 2.097179412841797, 2.048037528991699, 2.0072734355926514, 1.949174404144287, 1.9438457489013672, 1.9026153087615967, 1.7925209999084473, 1.7463687658309937, 1.697414755821228, 1.8981736898422241, 1.8448817729949951, 1.7028166055679321, 1.5692671537399292, 1.4995094537734985, 1.5996791124343872, 1.6473227739334106, 1.5264989137649536, 1.6499574184417725, 1.4091154336929321, 1.3599910736083984, 1.3145530223846436, 1.3056601285934448, 1.2608250379562378, 1.3230931758880615, 1.478393793106079, 1.3066191673278809, 1.2321339845657349, 1.1177666187286377, 1.2121943235397339, 1.0365898609161377, 1.0224080085754395, 0.952253520488739, 1.0166622400283813, 1.0690966844558716, 1.0415364503860474, 0.8949741125106812, 0.807851254940033, 0.7456342577934265, 0.7372241616249084, 0.6937031149864197, 0.655873715877533, 0.7751526832580566, 1.0006924867630005, 0.7389649152755737, 0.6607966423034668, 0.6524665355682373, 0.6229456663131714, 0.6316383481025696, 0.5508458614349365, 0.4687740206718445, 0.4324238896369934, 0.7015842199325562, 0.7218958735466003, 0.5933903455734253, 0.5773431658744812, 0.9725806713104248, 0.6429818272590637, 0.5346663594245911, 0.4948098957538605, 0.3933420777320862, 0.34363049268722534, 0.32344233989715576, 0.2764333188533783, 0.3101285398006439, 0.25972720980644226, 0.4362306296825409, 0.3786420524120331, 0.35830074548721313, 0.3126327097415924, 0.24126742780208588, 0.22227588295936584, 0.18978020548820496, 0.20924092829227448, 0.14608682692050934, 0.5862196087837219, 0.48062261939048767, 0.42870691418647766, 0.3432188332080841, 0.41317981481552124, 0.4678293466567993, 0.3815130889415741, 0.38887009024620056, 0.24053777754306793, 0.17689982056617737, 0.16523918509483337, 0.13199631869792938, 0.11880161613225937, 0.11315271258354187, 0.08869370073080063, 0.15864570438861847, 0.13490509986877441, 0.0869377851486206], "val_accuracy": [0.2240000069141388, 0.2240000069141388, 0.2240000069141388, 0.2240000069141388, 0.2240000069141388, 0.2240000069141388, 0.2240000069141388, 0.2240000069141388, 0.23199999332427979, 0.23199999332427979, 0.24799999594688416, 0.25600001215934753, 0.2879999876022339, 0.2720000147819519, 0.328000009059906, 0.2879999876022339, 0.2800000011920929, 0.35199999809265137, 0.3199999928474426, 0.24799999594688416, 0.35199999809265137, 0.35199999809265137, 0.35199999809265137, 0.328000009059906, 0.29600000381469727, 0.31200000643730164, 0.37599998712539673, 0.335999995470047, 0.36800000071525574, 0.3840000033378601, 0.36800000071525574, 0.36000001430511475, 0.37599998712539673, 0.37599998712539673, 0.3840000033378601, 0.37599998712539673, 0.328000009059906, 0.35199999809265137, 0.35199999809265137, 0.35199999809265137, 0.36800000071525574, 0.36000001430511475, 0.36800000071525574, 0.36800000071525574, 0.36800000071525574, 0.36000001430511475, 0.36800000071525574, 0.3919999897480011, 0.3440000116825104, 0.3440000116825104, 0.35199999809265137, 0.37599998712539673, 0.37599998712539673, 0.37599998712539673, 0.3440000116825104, 0.3440000116825104, 0.35199999809265137, 0.36000001430511475, 0.36000001430511475, 0.36800000071525574, 0.36800000071525574, 0.36800000071525574, 0.37599998712539673, 0.3440000116825104, 0.37599998712539673, 0.4000000059604645, 0.37599998712539673, 0.40799999237060547, 0.4000000059604645, 0.40799999237060547, 0.4000000059604645, 0.42399999499320984, 0.4000000059604645, 0.328000009059906, 0.37599998712539673, 0.41600000858306885, 0.41600000858306885, 0.3919999897480011, 0.41600000858306885, 0.3919999897480011, 0.40799999237060547, 0.3840000033378601, 0.36800000071525574, 0.42399999499320984, 0.41600000858306885, 0.41600000858306885, 0.37599998712539673, 0.3919999897480011, 0.3919999897480011, 0.40799999237060547, 0.37599998712539673, 0.3840000033378601, 0.37599998712539673, 0.3840000033378601, 0.3840000033378601, 0.4000000059604645, 0.3919999897480011, 0.3919999897480011, 0.4000000059604645, 0.3919999897480011],