{"accuracy": [0.12802767753601074, 0.23529411852359772, 0.23875433206558228, 0.23183390498161316, 0.23183390498161316, 0.24221453070640564, 0.23529411852359772, 0.23875433206558228, 0.23875433206558228, 0.24221453070640564, 0.2110726684331894, 0.23529411852359772, 0.24913494288921356, 0.23529411852359772, 0.22145329415798187, 0.22145329415798187, 0.1833910048007965, 0.23183390498161316, 0.23875433206558228, 0.23875433206558228, 0.23529411852359772, 0.24221453070640564, 0.2283737063407898, 0.22145329415798187, 0.23529411852359772, 0.23875433206558228, 0.24221453070640564, 0.20761245489120483, 0.23875433206558228, 0.2283737063407898, 0.23529411852359772, 0.2283737063407898, 0.2283737063407898, 0.2006920427083969, 0.2006920427083969, 0.23529411852359772, 0.23875433206558228, 0.22491349279880524, 0.24221453070640564, 0.2110726684331894, 0.21799308061599731, 0.24221453070640564, 0.22145329415798187, 0.23529411852359772, 0.23875433206558228, 0.23875433206558228, 0.23875433206558228, 0.23875433206558228, 0.23875433206558228, 0.23875433206558228, 0.23875433206558228, 0.23875433206558228, 0.23875433206558228, 0.23875433206558228, 0.23875433206558228, 0.23875433206558228, 0.23875433206558228, 0.23875433206558228, 0.23529411852359772, 0.23875433206558228, 0.22491349279880524, 0.23875433206558228, 0.23875433206558228, 0.2283737063407898, 0.22491349279880524, 0.23183390498161316, 0.2456747442483902, 0.23875433206558228, 0.23875433206558228, 0.23875433206558228, 0.23875433206558228, 0.23529411852359772, 0.23875433206558228, 0.23875433206558228, 0.23875433206558228, 0.23875433206558228, 0.23875433206558228, 0.23875433206558228, 0.23875433206558228, 0.23875433206558228, 0.23183390498161316, 0.24221453070640564, 0.23875433206558228, 0.23529411852359772, 0.23875433206558228, 0.23875433206558228, 0.23875433206558228, 0.23875433206558228, 0.23875433206558228, 0.23875433206558228, 0.23875433206558228, 0.23875433206558228, 0.23875433206558228, 0.24221453070640564, 0.23875433206558228, 0.23183390498161316, 0.23875433206558228, 0.23529411852359772, 0.24221453070640564, 0.23875433206558228], "loss": [2.484182834625244, 2.471684217453003, 2.4630417823791504, 2.4551475048065186, 2.4458327293395996, 2.4317169189453125, 2.415045738220215, 2.3975729942321777, 2.3760735988616943, 2.3486180305480957, 2.330928087234497, 2.3070521354675293, 2.288583755493164, 2.290271043777466, 2.2649784088134766, 2.2351229190826416, 2.2467522621154785, 2.223715305328369, 2.1984732151031494, 2.2134480476379395, 2.208923578262329, 2.191728115081787, 2.1883137226104736, 2.2035791873931885, 2.1940088272094727, 2.1864492893218994, 2.1854794025421143, 2.1663572788238525, 2.1799473762512207, 2.1806626319885254, 2.159189224243164, 2.17346453666687, 2.1593422889709473, 2.187131404876709, 2.1864120960235596, 2.177722454071045, 2.1648809909820557, 2.174576759338379, 2.170198440551758, 2.179682970046997, 2.1695408821105957, 2.1528875827789307, 2.1599581241607666, 2.1795566082000732, 2.170545816421509, 2.1696932315826416, 2.172456979751587, 2.164353132247925, 2.158076286315918, 2.1856772899627686, 2.167313814163208, 2.177805185317993, 2.1858625411987305, 2.1806447505950928, 2.177283525466919, 2.1708521842956543, 2.1598002910614014, 2.1630289554595947, 2.1634905338287354, 2.158625841140747, 2.164686441421509, 2.164483070373535, 2.1538705825805664, 2.1607911586761475, 2.157473564147949, 2.1557393074035645, 2.1526682376861572, 2.1653084754943848, 2.1504056453704834, 2.1507983207702637, 2.160334825515747, 2.1569364070892334, 2.1781697273254395, 2.1539487838745117, 2.1714158058166504, 2.1501381397247314, 2.1589272022247314, 2.159912347793579, 2.1454272270202637, 2.1631691455841064, 2.1514229774475098, 2.1577155590057373, 2.1619012355804443, 2.1498961448669434, 2.161618232727051, 2.1541080474853516, 2.1435546875, 2.1650776863098145, 2.1560707092285156, 2.1538262367248535, 2.1504781246185303, 2.1530821323394775, 2.1679646968841553, 2.150750160217285, 2.155600070953369, 2.1548964977264404, 2.1589088439941406, 2.165895938873291, 2.16613507270813, 2.1633753776550293], "val_accuracy": [0.23199999332427979, 0.23199999332427979, 0.23199999332427979, 0.23199999332427979, 0.23199999332427979, 0.23199999332427979, 0.23199999332427979, 0.23199999332427979, 0.23199999332427979, 0.23199999332427979, 0.23199999332427979, 0.23199999332427979, 0.23199999332427979, 0.23199999332427979, 0.23199999332427979, 0.23199999332427979, 0.23199999332427979, 0.23199999332427979, 0.23199999332427979, 0.23199999332427979, 0.23199999332427979, 0.23199999332427979, 0.23199999332427979, 0.23199999332427979, 0.23199999332427979, 0.23199999332427979, 0.23199999332427979, 0.23199999332427979, 0.23199999332427979, 0.23199999332427979, 0.23199999332427979, 0.23199999332427979, 0.23199999332427979, 0.14399999380111694, 0.23199999332427979, 0.23199999332427979, 0.23199999332427979, 0.23199999332427979, 0.23199999332427979, 0.23199999332427979, 0.23199999332427979, 0.23199999332427979, 0.23199999332427979, 0.23199999332427979, 0.23199999332427979, 0.23199999332427979, 0.23199999332427979, 0.23199999332427979, 0.23199999332427979, 0.23199999332427979, 0.23199999332427979, 0.23199999332427979, 0.23199999332427979, 0.23199999332427979, 0.23199999332427979, 0.23199999332427979, 0.23199999332427979, 0.23199999332427979, 0.23199999332427979, 0.23199999332427979, 0.23199999332427979, 0.23199999332427979, 0.23199999332427979, 0.23199999332427979, 0.23199999332427979, 0.23199999332427979, 0.23199999332427979, 0.23199999332427979, 0.23199999332427979, 0.23199999332427979, 0.23199999332427979, 0.23199999332427979, 0.23199999332427979, 0.23199999332427979, 0.23199999332427979, 0.23199999332427979, 0.23199999332427979, 0.23199999332427979, 0.23199999332427979, 0.23199999332427979, 0.23199999332427979, 0.23199999332427979, 0.23199999332427979, 0.23199999332427979, 0.23199999332427979, 0.23199999332427979, 0.23199999332427979, 0.23199999332427979, 0.23199999332427979, 0.23199999332427979, 0.23199999332427979, 0.23199999332427979, 0.23199999332427979, 0.23199999332427979, 0.23199999332427979, 0.23199999332427979, 0.23199999332427979, 0.23199999332427979, 0.23199999332427979, 0.23199999332427979],